Title;Date Created;Latitude;Longitude;Northing;Easting;Description;Elevation;Bemerkung;Hauptbaumart_Verjüngung;Licht_ausreichend;Versuchsfläche;WP_Garmin;Überschurmung_geschätzt;Lat_Garmin;Long_Garmin
LVP01;2026-07-16T09:50:09+02:00;48.1283491301057;11.9352116234234;0;0;;554.704976;;Buche;true;EBE-f 152;124;Licht-Geschlossen/Licht;48.12834;11.93513
LVP02;2026-07-16T09:53:56+02:00;48.1282156526663;11.9356627474072;0;0;;554.702073;;Buche;true;EBE-f 152;125;Lücke < Baumlänge;48.12823;11.93559
LVP03;2026-07-16T09:57:58+02:00;48.1283739306602;11.9366220540498;0;0;;556.000000;;Fichte;true;EBE-f 152;134;Lücke > Baumlänge;48.12838;11.93668
LVP04;2026-07-16T10:02:24+02:00;48.1281913071579;11.9378830015959;0;0;;557.488706;;Fichte;true;EBE-f 152;135;Lücke > Baumlänge;48.1824;11.93791
LVP05;2026-07-16T10:07:34+02:00;48.1283538853047;11.9390507110837;0;0;;554.343453;;Buche;true;EBE-f 152;136;Lücke > Baumlänge;48.12840;11.93908
LVP06;2026-07-16T10:11:46+02:00;48.1288464904664;11.939063923859;0;0;;553.903821;;Buche;true;EBE-f 152;137;Licht-Geschlossen/Licht;48.12908;11.93909
LVP07;2026-07-16T10:14:22+02:00;48.1291608481064;11.9384902742368;0;0;;554.435013;;Buche;true;EBE-f 152;138;Lücke > Baumlänge;48.12917;11.93836
LVP08;2026-07-16T10:21:37+02:00;48.1298671787359;11.935807322474;0;0;;555.483335;;Fichte;true;EBE-f 152;139;Licht-Geschlossen/Licht;48.12996;11.93573
LVP09;2026-07-16T10:27:41+02:00;48.1295743334707;11.9350801928854;0;0;;;;Slbh;false;EBE-f 152;140;Licht-Geschlossen/Licht;48.12970;11.93510
LVP10;2026-07-16T10:30:35+02:00;48.1290075549605;11.935064938376;0;0;;551.660976;;Slbh;true;EBE-f 152;141;Licht-Geschlossen/Licht;48.12908;11.93508
LVP11;2026-07-16T11:00:59+02:00;48.1197505158761;11.9329219110486;0;0;;;Noch ausreichend Bu/Ta;Buche;true;EBE-any;142;Geschlossen/Gedrängt;48.11993;11.93290
LVP12;2026-07-16T11:17:15+02:00;48.1165831364172;11.9401962730917;0;0;;566.780232;Freifläche;Eiche;true;EBE-e 155;143;Lücke > Baumlänge;48.11658;11.94013
LVP13;2026-07-16T11:21:19+02:00;48.117160537972;11.9405025254775;0;0;;566.412972;Viel seitenlicht;Tanne;true;EBE-e 155;144;Licht-Geschlossen/Licht;48.11723;11.94059
LVP14;2026-07-16T11:27:01+02:00;48.1179568767751;11.9396761068249;0;0;;563.000000;;Tanne;true;EBE-e 155;145;Licht-Geschlossen/Licht;48.11797;11.93966
LVP15;2026-07-16T11:40:30+02:00;48.1179875555514;11.937613243839;0;0;;565.000000;;Eiche;true;EBE-e 155;146;Lücke < Baumlänge;48.11802;11.93761
LVP16;2026-07-16T11:47:08+02:00;48.1173486990728;11.9364439263907;0;0;;566.107921;;Buche;true;EBE-e 155;147;Lücke < Baumlänge;48.11747;11.93655
LVP17;2026-07-16T12:07:00+02:00;48.1163890686394;11.9386999842234;0;0;;;Viel seitenlicht;Buche;true;EBE-e 155;148;Licht-Geschlossen/Licht;48.11647;11.93867
LVP18;2026-07-16T12:11:08+02:00;48.115911927638;11.9398444466796;0;0;;;Freifläche;Eiche;true;EBE-e 155;149;Lücke > Baumlänge;48.11594;11.93979
LVP19;2026-07-16T12:29:28+02:00;48.1196148585843;11.9383154335518;0;0;;;;Tanne;true;EBE-any;150;Licht-Geschlossen/Licht;48.11962;11.93838
LVP20;2026-07-16T12:38:41+02:00;48.1204403735965;11.926782473063;0;0;;;Noch ausreichend Bu/Ta;Buche;true;EBE-any;151;Geschlossen/Gedrängt;48.12049;11.92690
LVP21;2026-07-16T12:41:22+02:00;48.1198478857609;11.9274086025722;0;0;;;;Buche;false;EBE-any;152;Geschlossen/Gedrängt;48.11988;11.92748
LVP22;2026-07-16T12:44:03+02:00;48.1195803178588;11.9279563872358;0;0;;;;Tanne;false;EBE-any;153;Geschlossen/Gedrängt;48.11956;11.92801
LVP23;2026-07-16T12:46:37+02:00;48.1192266111311;11.9281020953419;0;0;;;;Buche;true;EBE-any;154;Geschlossen/Gedrängt;48.11932;11.92828
LVP24;2026-07-16T13:24:00+02:00;48.1330659661837;11.9221771860791;0;0;;;;Fichte;true;EBE-any;155;Lücke < Baumlänge;48.13313;11.92233
LVP25;2026-07-16T13:45:56+02:00;48.1265489419493;11.8905283935088;0;0;;543.741730;Voranbau;Buche;false;EBE-any;156;Geschlossen/Gedrängt;48.12648;11.89042
LVP26;2026-07-16T13:48:31+02:00;48.1265927984886;11.8897669629348;0;0;;540.076495;Voranbau;Buche;true;EBE-any;157;Licht-Geschlossen/Licht;48.12657;11.88974
LVP27;2026-07-16T13:52:51+02:00;48.1268170342151;11.8883687987646;0;0;;540.582956;Voranbau;Buche;true;EBE-any;159;Geschlossen/Gedrängt;48.12685;11.88830
LVP28;2026-07-16T13:55:16+02:00;48.1269711543204;11.8876472954956;0;0;;539.145642;Voranbau;Buche;true;EBE-any;160;Licht-Geschlossen/Licht;48.12696;11.88763
LVP29;2026-07-16T14:22:41+02:00;48.091778227025;11.8540181125929;0;0;;567.785217;Auch dgl, noch ausreichend licht;Fichte;true;EBE-any;162;Licht-Geschlossen/Licht;48.09177;11.85400
LVP30;2026-07-16T14:26:12+02:00;48.0910854958211;11.8539463460336;0;0;;568.793154;;Buche;true;EBE-any;163;Geschlossen/Gedrängt;48.09111;11.85396
LVP31;2026-07-16T14:28:53+02:00;48.0910594573732;11.8527398205313;0;0;;564.863354;;Slbh;true;EBE-any;164;Lücke < Baumlänge;48.09119;11.85279
LVP32;2026-07-16T14:31:10+02:00;48.0906289850113;11.8529369232463;0;0;;563.365962;;Tanne;true;EBE-any;165;Licht-Geschlossen/Licht;48.09068;11.85291
LVP33;2026-07-16T14:33:46+02:00;48.0907050683412;11.854280618344;0;0;;567.538246;Seitenteieb 2x leittrieb;Tanne;false;EBE-any;166;Geschlossen/Gedrängt;48.09063;11.85417
LVP34;2026-07-16T14:37:10+02:00;48.090955191637;11.853374425977;0;0;;568.212830;Kleinstandörtlich unterschiedlich;Tanne;true;EBE-any;167;Geschlossen/Gedrängt;48.09106;11.85352
LVP35;2026-07-16T15:06:41+02:00;48.0974215289836;11.917029042487;0;0;;;Lücke plus forstweg in der nähe;Tanne;false;EBE-any;168;Geschlossen/Gedrängt;48.09746;11.91724
;;;;;;;;;;;;;;;
;;;;;;;;;;;;;;;
